alex <ae.from.rac@gmail.com>
Christoph Herzog <chris@theduke.at>
Diggory Hardy <git@dhardy.name>
Guillaume Gauvrit <guillaume@gauvr.it>
Matteo Semenzato <mattew8898@gmail.com>
Ómar Yasin <omarkj@gmail.com>
Stuart Hinson <stuart.hinson@gmail.com>
Yurii Rashkovskii <yrashk@gmail.com>
